#,H#,K,itime
13,483,9.587,300
9,495,10.321,420
6,487,10.336,420
7,471,11.55,750
2,404,11.944,900
10,360,12.336,1200
18,345,10.392,420
22,369,11.116,600
12,132,11.278,600
27,157,10.971,600
29,154,11.068,600
47,137,11.559,750
59,159,11.375,750
78,138,12.748,1200
58,296,12.818,1200
79,239,12.145,900
102,197,10.989,600
